CacheSize,BlockSize,Associativity,WritePolicy,WriteMissPolicy,EvictPolicy,TotalReads,ReadMisses,TotalWrites,WriteMisses,TotalLatency
1024,16,1,--WriteBack,--WriteAllocate,--LRU,274303,15930,196758,10008,10231223
1024,16,1,--WriteBack,--NoWriteAllocate,--LRU,274303,20776,196758,17535,11676403
1024,16,1,--WriteThrough,--WriteAllocate,--LRU,274303,15930,196758,10008,50406303
1024,16,1,--WriteThrough,--NoWriteAllocate,--LRU,274303,20776,196758,17535,49270663
1024,16,2,--WriteBack,--WriteAllocate,--LRU,274303,8783,196758,6305,6674703
1024,16,2,--WriteBack,--NoWriteAllocate,--LRU,274303,11693,196758,11640,7656343
1024,16,2,--WriteThrough,--WriteAllocate,--LRU,274303,8783,196758,6305,48019303
1024,16,2,--WriteThrough,--NoWriteAllocate,--LRU,274303,11693,196758,11640,47272403
1024,16,4,--WriteBack,--WriteAllocate,--LRU,274303,7264,196758,5863,6027023
1024,16,4,--WriteBack,--NoWriteAllocate,--LRU,274303,9897,196758,10967,6954323
1024,16,4,--WriteThrough,--WriteAllocate,--LRU,274303,7264,196758,5863,47587883
1024,16,4,--WriteThrough,--NoWriteAllocate,--LRU,274303,9897,196758,10967,46877283
1024,16,8,--WriteBack,--WriteAllocate,--LRU,274303,7044,196758,5876,5979723
1024,16,8,--WriteBack,--NoWriteAllocate,--LRU,274303,9673,196758,11066,6934303
1024,16,8,--WriteThrough,--WriteAllocate,--LRU,274303,7044,196758,5876,47542343
1024,16,8,--WriteThrough,--NoWriteAllocate,--LRU,274303,9673,196758,11066,46828003
1024,16,16,--WriteBack,--WriteAllocate,--LRU,274303,6871,196758,5921,5944083
1024,16,16,--WriteBack,--NoWriteAllocate,--LRU,274303,9607,196758,11200,6958943
1024,16,16,--WriteThrough,--WriteAllocate,--LRU,274303,6871,196758,5921,47514183
1024,16,16,--WriteThrough,--NoWriteAllocate,--LRU,274303,9607,196758,11200,46813483
1024,16,32,--WriteBack,--WriteAllocate,--LRU,274303,6460,196758,5843,5783483
1024,16,32,--WriteBack,--NoWriteAllocate,--LRU,274303,9236,196758,11095,6807143
1024,16,32,--WriteThrough,--WriteAllocate,--LRU,274303,6460,196758,5843,47406603
1024,16,32,--WriteThrough,--NoWriteAllocate,--LRU,274303,9236,196758,11095,46731863
1024,32,1,--WriteBack,--WriteAllocate,--LRU,274303,16016,196758,7580,9240343
1024,32,1,--WriteBack,--NoWriteAllocate,--LRU,274303,19424,196758,18721,11483903
1024,32,1,--WriteThrough,--WriteAllocate,--LRU,274303,16016,196758,7580,49891063
1024,32,1,--WriteThrough,--NoWriteAllocate,--LRU,274303,19424,196758,18721,48973223
1024,32,2,--WriteBack,--WriteAllocate,--LRU,274303,8121,196758,4269,5635203
1024,32,2,--WriteBack,--NoWriteAllocate,--LRU,274303,10141,196758,12314,7323043
1024,32,2,--WriteThrough,--WriteAllocate,--LRU,274303,8121,196758,4269,47425743
1024,32,2,--WriteThrough,--NoWriteAllocate,--LRU,274303,10141,196758,12314,46930963
1024,32,4,--WriteBack,--WriteAllocate,--LRU,274303,6529,196758,4032,5061003
1024,32,4,--WriteBack,--NoWriteAllocate,--LRU,274303,8563,196758,12190,6808243
1024,32,4,--WriteThrough,--WriteAllocate,--LRU,274303,6529,196758,4032,47023363
1024,32,4,--WriteThrough,--NoWriteAllocate,--LRU,274303,8563,196758,12190,46583803
1024,32,8,--WriteBack,--WriteAllocate,--LRU,274303,6110,196758,3998,4929223
1024,32,8,--WriteBack,--NoWriteAllocate,--LRU,274303,8241,196758,12292,6768203
1024,32,8,--WriteThrough,--WriteAllocate,--LRU,274303,6110,196758,3998,46923703
1024,32,8,--WriteThrough,--NoWriteAllocate,--LRU,274303,8241,196758,12292,46512963
1024,32,16,--WriteBack,--WriteAllocate,--LRU,274303,6126,196758,3902,4889623
1024,32,16,--WriteBack,--NoWriteAllocate,--LRU,274303,8198,196758,12300,6752363
1024,32,16,--WriteThrough,--WriteAllocate,--LRU,274303,6126,196758,3902,46906103
1024,32,16,--WriteThrough,--NoWriteAllocate,--LRU,274303,8198,196758,12300,46503503
1024,32,32,--WriteBack,--WriteAllocate,--LRU,274303,6125,196758,3936,4901503
1024,32,32,--WriteBack,--NoWriteAllocate,--LRU,274303,8224,196758,12373,6777883
1024,32,32,--WriteThrough,--WriteAllocate,--LRU,274303,6125,196758,3936,46913363
1024,32,32,--WriteThrough,--NoWriteAllocate,--LRU,274303,8224,196758,12373,46509223
1024,64,1,--WriteBack,--WriteAllocate,--LRU,274303,18528,196758,6348,9328123
1024,64,1,--WriteBack,--NoWriteAllocate,--LRU,274303,20884,196758,17875,11590383
1024,64,1,--WriteThrough,--WriteAllocate,--LRU,274303,18528,196758,6348,50172663
1024,64,1,--WriteThrough,--NoWriteAllocate,--LRU,274303,20884,196758,17875,49294423
1024,64,2,--WriteBack,--WriteAllocate,--LRU,274303,8832,196758,3147,5326983
1024,64,2,--WriteBack,--NoWriteAllocate,--LRU,274303,10250,196758,12173,7270683
1024,64,2,--WriteThrough,--WriteAllocate,--LRU,274303,8832,196758,3147,47335323
1024,64,2,--WriteThrough,--NoWriteAllocate,--LRU,274303,10250,196758,12173,46954943
1024,64,4,--WriteBack,--WriteAllocate,--LRU,274303,6765,196758,2825,4595043
1024,64,4,--WriteBack,--NoWriteAllocate,--LRU,274303,8220,196758,11666,6548643
1024,64,4,--WriteThrough,--WriteAllocate,--LRU,274303,6765,196758,2825,46809743
1024,64,4,--WriteThrough,--NoWriteAllocate,--LRU,274303,8220,196758,11666,46508343
1024,64,8,--WriteBack,--WriteAllocate,--LRU,274303,6143,196758,2727,4398583
1024,64,8,--WriteBack,--NoWriteAllocate,--LRU,274303,7560,196758,11392,6318743
1024,64,8,--WriteThrough,--WriteAllocate,--LRU,274303,6143,196758,2727,46651343
1024,64,8,--WriteThrough,--NoWriteAllocate,--LRU,274303,7560,196758,11392,46363143
1024,64,16,--WriteBack,--WriteAllocate,--LRU,274303,5996,196758,2614,4304423
1024,64,16,--WriteBack,--NoWriteAllocate,--LRU,274303,7457,196758,11105,6215123
1024,64,16,--WriteThrough,--WriteAllocate,--LRU,274303,5996,196758,2614,46594143
1024,64,16,--WriteThrough,--NoWriteAllocate,--LRU,274303,7457,196758,11105,46340483
1024,128,1,--WriteBack,--WriteAllocate,--LRU,274303,23032,196758,6423,10564083
1024,128,1,--WriteBack,--NoWriteAllocate,--LRU,274303,25132,196758,17041,12521863
1024,128,1,--WriteThrough,--WriteAllocate,--LRU,274303,23032,196758,6423,51180043
1024,128,1,--WriteThrough,--NoWriteAllocate,--LRU,274303,25132,196758,17041,50228983
1024,128,2,--WriteBack,--WriteAllocate,--LRU,274303,10997,196758,3084,5848823
1024,128,2,--WriteBack,--NoWriteAllocate,--LRU,274303,12034,196758,11679,7555363
1024,128,2,--WriteThrough,--WriteAllocate,--LRU,274303,10997,196758,3084,47797763
1024,128,2,--WriteThrough,--NoWriteAllocate,--LRU,274303,12034,196758,11679,47347423
1024,128,4,--WriteBack,--WriteAllocate,--LRU,274303,8775,196758,2788,5108303
1024,128,4,--WriteBack,--NoWriteAllocate,--LRU,274303,9892,196758,11252,6869183
1024,128,4,--WriteThrough,--WriteAllocate,--LRU,274303,8775,196758,2788,47243803
1024,128,4,--WriteThrough,--NoWriteAllocate,--LRU,274303,9892,196758,11252,46876183
1024,128,8,--WriteBack,--WriteAllocate,--LRU,274303,8119,196758,2643,4894683
1024,128,8,--WriteBack,--NoWriteAllocate,--LRU,274303,9196,196758,10542,6538083
1024,128,8,--WriteThrough,--WriteAllocate,--LRU,274303,8119,196758,2643,47067583
1024,128,8,--WriteThrough,--NoWriteAllocate,--LRU,274303,9196,196758,10542,46723063
1024,256,1,--WriteBack,--WriteAllocate,--LRU,274303,33294,196758,8348,14150743
1024,256,1,--WriteBack,--NoWriteAllocate,--LRU,274303,35888,196758,18682,15837923
1024,256,1,--WriteThrough,--WriteAllocate,--LRU,274303,33294,196758,8348,53861183
1024,256,1,--WriteThrough,--NoWriteAllocate,--LRU,274303,35888,196758,18682,52595303
1024,256,2,--WriteBack,--WriteAllocate,--LRU,274303,15770,196758,3549,7136923
1024,256,2,--WriteBack,--NoWriteAllocate,--LRU,274303,16472,196758,11978,8594423
1024,256,2,--WriteThrough,--WriteAllocate,--LRU,274303,15770,196758,3549,48950123
1024,256,2,--WriteThrough,--NoWriteAllocate,--LRU,274303,16472,196758,11978,48323783
1024,256,4,--WriteBack,--WriteAllocate,--LRU,274303,13317,196758,3191,6411363
1024,256,4,--WriteBack,--NoWriteAllocate,--LRU,274303,14432,196758,12074,8164323
1024,256,4,--WriteThrough,--WriteAllocate,--LRU,274303,13317,196758,3191,48331703
1024,256,4,--WriteThrough,--NoWriteAllocate,--LRU,274303,14432,196758,12074,47874983
1024,512,1,--WriteBack,--WriteAllocate,--LRU,274303,47461,196758,11359,19053003
1024,512,1,--WriteBack,--NoWriteAllocate,--LRU,274303,49694,196758,22874,20404023
1024,512,1,--WriteThrough,--WriteAllocate,--LRU,274303,47461,196758,11359,57640343
1024,512,1,--WriteThrough,--NoWriteAllocate,--LRU,274303,49694,196758,22874,55632623
1024,512,2,--WriteBack,--WriteAllocate,--LRU,274303,29621,196758,7339,12075263
1024,512,2,--WriteBack,--NoWriteAllocate,--LRU,274303,29154,196758,18002,13012243
1024,512,2,--WriteThrough,--WriteAllocate,--LRU,274303,29621,196758,7339,52831143
1024,512,2,--WriteThrough,--NoWriteAllocate,--LRU,274303,29154,196758,18002,51113823
2048,16,1,--WriteBack,--WriteAllocate,--LRU,274303,9631,196758,6457,6962903
2048,16,1,--WriteBack,--NoWriteAllocate,--LRU,274303,12574,196758,12041,7954223
2048,16,1,--WriteThrough,--WriteAllocate,--LRU,274303,9631,196758,6457,48239303
2048,16,1,--WriteThrough,--NoWriteAllocate,--LRU,274303,12574,196758,12041,47466223
2048,16,2,--WriteBack,--WriteAllocate,--LRU,274303,4621,196758,3666,4298483
2048,16,2,--WriteBack,--NoWriteAllocate,--LRU,274303,6058,196758,7934,5018103
2048,16,2,--WriteThrough,--WriteAllocate,--LRU,274303,4621,196758,3666,46523083
2048,16,2,--WriteThrough,--NoWriteAllocate,--LRU,274303,6058,196758,7934,46032703
2048,16,4,--WriteBack,--WriteAllocate,--LRU,274303,3492,196758,3241,3797983
2048,16,4,--WriteBack,--NoWriteAllocate,--LRU,274303,4722,196758,7252,4451163
2048,16,4,--WriteThrough,--WriteAllocate,--LRU,274303,3492,196758,3241,46181203
2048,16,4,--WriteThrough,--NoWriteAllocate,--LRU,274303,4722,196758,7252,45738783
2048,16,8,--WriteBack,--WriteAllocate,--LRU,274303,3293,196758,3191,3719883
2048,16,8,--WriteBack,--NoWriteAllocate,--LRU,274303,4470,196758,7130,4349083
2048,16,8,--WriteThrough,--WriteAllocate,--LRU,274303,3293,196758,3191,46126423
2048,16,8,--WriteThrough,--NoWriteAllocate,--LRU,274303,4470,196758,7130,45683343
2048,16,16,--WriteBack,--WriteAllocate,--LRU,274303,3263,196758,3136,3686663
2048,16,16,--WriteBack,--NoWriteAllocate,--LRU,274303,4446,196758,7122,4341383
2048,16,16,--WriteThrough,--WriteAllocate,--LRU,274303,3263,196758,3136,46107723
2048,16,16,--WriteThrough,--NoWriteAllocate,--LRU,274303,4446,196758,7122,45678063
2048,16,32,--WriteBack,--WriteAllocate,--LRU,274303,3235,196758,3135,3676323
2048,16,32,--WriteBack,--NoWriteAllocate,--LRU,274303,4421,196758,7120,4330823
2048,16,32,--WriteThrough,--WriteAllocate,--LRU,274303,3235,196758,3135,46101343
2048,16,32,--WriteThrough,--NoWriteAllocate,--LRU,274303,4421,196758,7120,45672563
2048,32,1,--WriteBack,--WriteAllocate,--LRU,274303,9076,196758,4401,5948703
2048,32,1,--WriteBack,--NoWriteAllocate,--LRU,274303,11067,196758,12251,7556683
2048,32,1,--WriteThrough,--WriteAllocate,--LRU,274303,9076,196758,4401,47664883
2048,32,1,--WriteThrough,--NoWriteAllocate,--LRU,274303,11067,196758,12251,47134683
2048,32,2,--WriteBack,--WriteAllocate,--LRU,274303,3887,196758,2208,3484703
2048,32,2,--WriteBack,--NoWriteAllocate,--LRU,274303,4747,196758,7714,4579643
2048,32,2,--WriteThrough,--WriteAllocate,--LRU,274303,3887,196758,2208,46040843
2048,32,2,--WriteThrough,--NoWriteAllocate,--LRU,274303,4747,196758,7714,45744283
2048,32,4,--WriteBack,--WriteAllocate,--LRU,274303,2781,196758,1873,3022043
2048,32,4,--WriteBack,--NoWriteAllocate,--LRU,274303,3505,196758,6998,4040643
2048,32,4,--WriteThrough,--WriteAllocate,--LRU,274303,2781,196758,1873,45723823
2048,32,4,--WriteThrough,--NoWriteAllocate,--LRU,274303,3505,196758,6998,45471043
2048,32,8,--WriteBack,--WriteAllocate,--LRU,274303,2440,196758,1809,2894003
2048,32,8,--WriteBack,--NoWriteAllocate,--LRU,274303,3120,196758,6727,3860023
2048,32,8,--WriteThrough,--WriteAllocate,--LRU,274303,2440,196758,1809,45634723
2048,32,8,--WriteThrough,--NoWriteAllocate,--LRU,274303,3120,196758,6727,45386343
2048,32,16,--WriteBack,--WriteAllocate,--LRU,274303,2340,196758,1731,2835043
2048,32,16,--WriteBack,--NoWriteAllocate,--LRU,274303,3006,196758,6659,3812503
2048,32,16,--WriteThrough,--WriteAllocate,--LRU,274303,2340,196758,1731,45595563
2048,32,16,--WriteThrough,--NoWriteAllocate,--LRU,274303,3006,196758,6659,45361263
2048,32,32,--WriteBack,--WriteAllocate,--LRU,274303,2316,196758,1712,2820963
2048,32,32,--WriteBack,--NoWriteAllocate,--LRU,274303,2975,196758,6634,3797983
2048,32,32,--WriteThrough,--WriteAllocate,--LRU,274303,2316,196758,1712,45586103
2048,32,32,--WriteThrough,--NoWriteAllocate,--LRU,274303,2975,196758,6634,45354443
2048,64,1,--WriteBack,--WriteAllocate,--LRU,274303,9500,196758,3439,5619803
2048,64,1,--WriteBack,--NoWriteAllocate,--LRU,274303,10692,196758,11815,7278163
2048,64,1,--WriteThrough,--WriteAllocate,--LRU,274303,9500,196758,3439,47546523
2048,64,1,--WriteThrough,--NoWriteAllocate,--LRU,274303,10692,196758,11815,47052183
2048,64,2,--WriteBack,--WriteAllocate,--LRU,274303,4193,196758,1657,3341923
2048,64,2,--WriteBack,--NoWriteAllocate,--LRU,274303,4839,196758,7874,4656203
2048,64,2,--WriteThrough,--WriteAllocate,--LRU,274303,4193,196758,1657,45986943
2048,64,2,--WriteThrough,--NoWriteAllocate,--LRU,274303,4839,196758,7874,45764523
2048,64,4,--WriteBack,--WriteAllocate,--LRU,274303,2574,196758,1233,2700183
2048,64,4,--WriteBack,--NoWriteAllocate,--LRU,274303,3132,196758,7059,3951103
2048,64,4,--WriteThrough,--WriteAllocate,--LRU,274303,2574,196758,1233,45537483
2048,64,4,--WriteThrough,--NoWriteAllocate,--LRU,274303,3132,196758,7059,45388983
2048,64,8,--WriteBack,--WriteAllocate,--LRU,274303,2321,196758,1147,2579403
2048,64,8,--WriteBack,--NoWriteAllocate,--LRU,274303,2858,196758,6659,3765203
2048,64,8,--WriteThrough,--WriteAllocate,--LRU,274303,2321,196758,1147,45462903
2048,64,8,--WriteThrough,--NoWriteAllocate,--LRU,274303,2858,196758,6659,45328703
2048,64,16,--WriteBack,--WriteAllocate,--LRU,274303,2228,196758,1104,2532103
2048,64,16,--WriteBack,--NoWriteAllocate,--LRU,274303,2737,196758,6368,3657623
2048,64,16,--WriteThrough,--WriteAllocate,--LRU,274303,2228,196758,1104,45432983
2048,64,16,--WriteThrough,--NoWriteAllocate,--LRU,274303,2737,196758,6368,45302083
2048,64,32,--WriteBack,--WriteAllocate,--LRU,274303,2249,196758,1059,2515603
2048,64,32,--WriteBack,--NoWriteAllocate,--LRU,274303,2669,196758,6266,3612523
2048,64,32,--WriteThrough,--WriteAllocate,--LRU,274303,2249,196758,1059,45427703
2048,64,32,--WriteThrough,--NoWriteAllocate,--LRU,274303,2669,196758,6266,45287123
2048,128,1,--WriteBack,--WriteAllocate,--LRU,274303,11489,196758,3245,6038903
2048,128,1,--WriteBack,--NoWriteAllocate,--LRU,274303,12167,196758,10924,7392123
2048,128,1,--WriteThrough,--WriteAllocate,--LRU,274303,11489,196758,3245,47941423
2048,128,1,--WriteThrough,--NoWriteAllocate,--LRU,274303,12167,196758,10924,47376683
2048,128,2,--WriteBack,--WriteAllocate,--LRU,274303,5385,196758,1560,3624403
2048,128,2,--WriteBack,--NoWriteAllocate,--LRU,274303,5792,196758,7828,4900183
2048,128,2,--WriteThrough,--WriteAllocate,--LRU,274303,5385,196758,1560,46227843
2048,128,2,--WriteThrough,--NoWriteAllocate,--LRU,274303,5792,196758,7828,45974183
2048,128,4,--WriteBack,--WriteAllocate,--LRU,274303,3231,196758,1018,2832183
2048,128,4,--WriteBack,--NoWriteAllocate,--LRU,274303,3684,196758,6650,4063743
2048,128,4,--WriteThrough,--WriteAllocate,--LRU,274303,3231,196758,1018,45634723
2048,128,4,--WriteThrough,--NoWriteAllocate,--LRU,274303,3684,196758,6650,45510423
2048,128,8,--WriteBack,--WriteAllocate,--LRU,274303,2841,196758,907,2629563
2048,128,8,--WriteBack,--NoWriteAllocate,--LRU,274303,3294,196758,6496,3865523
2048,128,8,--WriteThrough,--WriteAllocate,--LRU,274303,2841,196758,907,45524503
2048,128,8,--WriteThrough,--NoWriteAllocate,--LRU,274303,3294,196758,6496,45424623
2048,128,16,--WriteBack,--WriteAllocate,--LRU,274303,2606,196758,870,2555643
2048,128,16,--WriteBack,--NoWriteAllocate,--LRU,274303,3041,196758,6360,3770043
2048,128,16,--WriteThrough,--WriteAllocate,--LRU,274303,2606,196758,870,45464663
2048,128,16,--WriteThrough,--NoWriteAllocate,--LRU,274303,3041,196758,6360,45368963
2048,256,1,--WriteBack,--WriteAllocate,--LRU,274303,15588,196758,3790,7316883
2048,256,1,--WriteBack,--NoWriteAllocate,--LRU,274303,15945,196758,11652,8492123
2048,256,1,--WriteThrough,--WriteAllocate,--LRU,274303,15588,196758,3790,48963103
2048,256,1,--WriteThrough,--NoWriteAllocate,--LRU,274303,15945,196758,11652,48207843
2048,256,2,--WriteBack,--WriteAllocate,--LRU,274303,7348,196758,1790,4204763
2048,256,2,--WriteBack,--NoWriteAllocate,--LRU,274303,7606,196758,8609,5513763
2048,256,2,--WriteThrough,--WriteAllocate,--LRU,274303,7348,196758,1790,46710303
2048,256,2,--WriteThrough,--NoWriteAllocate,--LRU,274303,7606,196758,8609,46373263
2048,256,4,--WriteBack,--WriteAllocate,--LRU,274303,5086,196758,1239,3403303
2048,256,4,--WriteBack,--NoWriteAllocate,--LRU,274303,5425,196758,7612,4731443
2048,256,4,--WriteThrough,--WriteAllocate,--LRU,274303,5086,196758,1239,46091443
2048,256,4,--WriteThrough,--NoWriteAllocate,--LRU,274303,5425,196758,7612,45893443
2048,256,8,--WriteBack,--WriteAllocate,--LRU,274303,4331,196758,1096,3107843
2048,256,8,--WriteBack,--NoWriteAllocate,--LRU,274303,4797,196758,7461,4479983
2048,256,8,--WriteThrough,--WriteAllocate,--LRU,274303,4331,196758,1096,45893883
2048,256,8,--WriteThrough,--NoWriteAllocate,--LRU,274303,4797,196758,7461,45755283
2048,512,1,--WriteBack,--WriteAllocate,--LRU,274303,25122,196758,6061,10827643
2048,512,1,--WriteBack,--NoWriteAllocate,--LRU,274303,25255,196758,15115,11807523
2048,512,1,--WriteThrough,--WriteAllocate,--LRU,274303,25122,196758,6061,51560203
2048,512,1,--WriteThrough,--NoWriteAllocate,--LRU,274303,25255,196758,15115,50256043
2048,512,2,--WriteBack,--WriteAllocate,--LRU,274303,11999,196758,2500,5666883
2048,512,2,--WriteBack,--NoWriteAllocate,--LRU,274303,12385,196758,10158,7035723
2048,512,2,--WriteThrough,--WriteAllocate,--LRU,274303,11999,196758,2500,47889723
2048,512,2,--WriteThrough,--NoWriteAllocate,--LRU,274303,12385,196758,10158,47424643
2048,512,4,--WriteBack,--WriteAllocate,--LRU,274303,10147,196758,2123,5121943
2048,512,4,--WriteBack,--NoWriteAllocate,--LRU,274303,10600,196758,9991,6666123
2048,512,4,--WriteThrough,--WriteAllocate,--LRU,274303,10147,196758,2123,47399343
2048,512,4,--WriteThrough,--NoWriteAllocate,--LRU,274303,10600,196758,9991,47031943
4096,16,1,--WriteBack,--WriteAllocate,--LRU,274303,5416,196758,4140,4715603
4096,16,1,--WriteBack,--NoWriteAllocate,--LRU,274303,7104,196758,8562,5455903
4096,16,1,--WriteThrough,--WriteAllocate,--LRU,274303,5416,196758,4140,46802263
4096,16,1,--WriteThrough,--NoWriteAllocate,--LRU,274303,7104,196758,8562,46262823
4096,16,2,--WriteBack,--WriteAllocate,--LRU,274303,3019,196758,2863,3478103
4096,16,2,--WriteBack,--NoWriteAllocate,--LRU,274303,4131,196758,6784,4153943
4096,16,2,--WriteThrough,--WriteAllocate,--LRU,274303,3019,196758,2863,45993983
4096,16,2,--WriteThrough,--NoWriteAllocate,--LRU,274303,4131,196758,6784,45608763
4096,16,4,--WriteBack,--WriteAllocate,--LRU,274303,2280,196758,2619,3155363
4096,16,4,--WriteBack,--NoWriteAllocate,--LRU,274303,3306,196758,6384,3801063
4096,16,4,--WriteThrough,--WriteAllocate,--LRU,274303,2280,196758,2619,45777723
4096,16,4,--WriteThrough,--NoWriteAllocate,--LRU,274303,3306,196758,6384,45427263
4096,16,8,--WriteBack,--WriteAllocate,--LRU,274303,2190,196758,2578,3111803
4096,16,8,--WriteBack,--NoWriteAllocate,--LRU,274303,3210,196758,6341,3763883
4096,16,8,--WriteThrough,--WriteAllocate,--LRU,274303,2190,196758,2578,45748903
4096,16,8,--WriteThrough,--NoWriteAllocate,--LRU,274303,3210,196758,6341,45406143
4096,16,16,--WriteBack,--WriteAllocate,--LRU,274303,2187,196758,2578,3109603
4096,16,16,--WriteBack,--NoWriteAllocate,--LRU,274303,3211,196758,6355,3765643
4096,16,16,--WriteThrough,--WriteAllocate,--LRU,274303,2187,196758,2578,45748243
4096,16,16,--WriteThrough,--NoWriteAllocate,--LRU,274303,3211,196758,6355,45406363
4096,16,32,--WriteBack,--WriteAllocate,--LRU,274303,2207,196758,2574,3111803
4096,16,32,--WriteBack,--NoWriteAllocate,--LRU,274303,3226,196758,6347,3767843
4096,16,32,--WriteThrough,--WriteAllocate,--LRU,274303,2207,196758,2574,45751763
4096,16,32,--WriteThrough,--NoWriteAllocate,--LRU,274303,3226,196758,6347,45409663
4096,32,1,--WriteBack,--WriteAllocate,--LRU,274303,4717,196758,2598,3880483
4096,32,1,--WriteBack,--NoWriteAllocate,--LRU,274303,5789,196758,8279,5018103
4096,32,1,--WriteThrough,--WriteAllocate,--LRU,274303,4717,196758,2598,46309243
4096,32,1,--WriteThrough,--NoWriteAllocate,--LRU,274303,5789,196758,8279,45973523
4096,32,2,--WriteBack,--WriteAllocate,--LRU,274303,2315,196758,1568,2750783
4096,32,2,--WriteBack,--NoWriteAllocate,--LRU,274303,2961,196758,6387,3733083
4096,32,2,--WriteThrough,--WriteAllocate,--LRU,274303,2315,196758,1568,45554203
4096,32,2,--WriteThrough,--NoWriteAllocate,--LRU,274303,2961,196758,6387,45351363
4096,32,4,--WriteBack,--WriteAllocate,--LRU,274303,1618,196758,1367,2454003
4096,32,4,--WriteBack,--NoWriteAllocate,--LRU,274303,2193,196758,5914,3381743
4096,32,4,--WriteThrough,--WriteAllocate,--LRU,274303,1618,196758,1367,45356643
4096,32,4,--WriteThrough,--NoWriteAllocate,--LRU,274303,2193,196758,5914,45182403
4096,32,8,--WriteBack,--WriteAllocate,--LRU,274303,1441,196758,1340,2389543
4096,32,8,--WriteBack,--NoWriteAllocate,--LRU,274303,2016,196758,5875,3320363
4096,32,8,--WriteThrough,--WriteAllocate,--LRU,274303,1441,196758,1340,45311763
4096,32,8,--WriteThrough,--NoWriteAllocate,--LRU,274303,2016,196758,5875,45143463
4096,32,16,--WriteBack,--WriteAllocate,--LRU,274303,1425,196758,1328,2379203
4096,32,16,--WriteBack,--NoWriteAllocate,--LRU,274303,1994,196758,5849,3308483
4096,32,16,--WriteThrough,--WriteAllocate,--LRU,274303,1425,196758,1328,45305603
4096,32,16,--WriteThrough,--NoWriteAllocate,--LRU,274303,1994,196758,5849,45138623
4096,32,32,--WriteBack,--WriteAllocate,--LRU,274303,1434,196758,1327,2380303
4096,32,32,--WriteBack,--NoWriteAllocate,--LRU,274303,2012,196758,5851,3313323
4096,32,32,--WriteThrough,--WriteAllocate,--LRU,274303,1434,196758,1327,45307363
4096,32,32,--WriteThrough,--NoWriteAllocate,--LRU,274303,2012,196758,5851,45142583
4096,64,1,--WriteBack,--WriteAllocate,--LRU,274303,4523,196758,1831,3503623
4096,64,1,--WriteBack,--NoWriteAllocate,--LRU,274303,5073,196758,7760,4673143
4096,64,1,--WriteThrough,--WriteAllocate,--LRU,274303,4523,196758,1831,46097823
4096,64,1,--WriteThrough,--NoWriteAllocate,--LRU,274303,5073,196758,7760,45816003
4096,64,2,--WriteBack,--WriteAllocate,--LRU,274303,2178,196758,986,2472043
4096,64,2,--WriteBack,--NoWriteAllocate,--LRU,274303,2613,196758,6017,3554443
4096,64,2,--WriteThrough,--WriteAllocate,--LRU,274303,2178,196758,986,45396023
4096,64,2,--WriteThrough,--NoWriteAllocate,--LRU,274303,2613,196758,6017,45274803
4096,64,4,--WriteBack,--WriteAllocate,--LRU,274303,1244,196758,751,2091883
4096,64,4,--WriteBack,--NoWriteAllocate,--LRU,274303,1568,196758,5240,3050643
4096,64,4,--WriteThrough,--WriteAllocate,--LRU,274303,1244,196758,751,45138843
4096,64,4,--WriteThrough,--NoWriteAllocate,--LRU,274303,1568,196758,5240,45044903
4096,64,8,--WriteBack,--WriteAllocate,--LRU,274303,1005,196758,723,2007843
4096,64,8,--WriteBack,--NoWriteAllocate,--LRU,274303,1320,196758,5114,2945263
4096,64,8,--WriteThrough,--WriteAllocate,--LRU,274303,1005,196758,723,45080103
4096,64,8,--WriteThrough,--NoWriteAllocate,--LRU,274303,1320,196758,5114,44990343
4096,64,16,--WriteBack,--WriteAllocate,--LRU,274303,994,196758,721,2003663
4096,64,16,--WriteBack,--NoWriteAllocate,--LRU,274303,1319,196758,5123,2947023
4096,64,16,--WriteThrough,--WriteAllocate,--LRU,274303,994,196758,721,45077243
4096,64,16,--WriteThrough,--NoWriteAllocate,--LRU,274303,1319,196758,5123,44990123
4096,64,32,--WriteBack,--WriteAllocate,--LRU,274303,989,196758,719,2001243
4096,64,32,--WriteBack,--NoWriteAllocate,--LRU,274303,1319,196758,5113,2944603
4096,64,32,--WriteThrough,--WriteAllocate,--LRU,274303,989,196758,719,45075703
4096,64,32,--WriteThrough,--NoWriteAllocate,--LRU,274303,1319,196758,5113,44990123
4096,128,1,--WriteBack,--WriteAllocate,--LRU,274303,4880,196758,1681,3518583
4096,128,1,--WriteBack,--NoWriteAllocate,--LRU,274303,5205,196758,7942,4725503
4096,128,1,--WriteThrough,--WriteAllocate,--LRU,274303,4880,196758,1681,46143363
4096,128,1,--WriteThrough,--NoWriteAllocate,--LRU,274303,5205,196758,7942,45845043
4096,128,2,--WriteBack,--WriteAllocate,--LRU,274303,2782,196758,774,2567083
4096,128,2,--WriteBack,--NoWriteAllocate,--LRU,274303,3165,196758,5772,3665323
4096,128,2,--WriteThrough,--WriteAllocate,--LRU,274303,2782,196758,774,45482263
4096,128,2,--WriteThrough,--NoWriteAllocate,--LRU,274303,3165,196758,5772,45396243
4096,128,4,--WriteBack,--WriteAllocate,--LRU,274303,1315,196758,451,1994863
4096,128,4,--WriteBack,--NoWriteAllocate,--LRU,274303,1476,196758,4688,2903683
4096,128,4,--WriteThrough,--WriteAllocate,--LRU,274303,1315,196758,451,45088463
4096,128,4,--WriteThrough,--NoWriteAllocate,--LRU,274303,1476,196758,4688,45024663
4096,128,8,--WriteBack,--WriteAllocate,--LRU,274303,857,196758,411,1838223
4096,128,8,--WriteBack,--NoWriteAllocate,--LRU,274303,1010,196758,4539,2726143
4096,128,8,--WriteThrough,--WriteAllocate,--LRU,274303,857,196758,411,44978903
4096,128,8,--WriteThrough,--NoWriteAllocate,--LRU,274303,1010,196758,4539,44922143
4096,128,16,--WriteBack,--WriteAllocate,--LRU,274303,784,196758,410,1819963
4096,128,16,--WriteBack,--NoWriteAllocate,--LRU,274303,941,196758,4519,2703923
4096,128,16,--WriteThrough,--WriteAllocate,--LRU,274303,784,196758,410,44962623
4096,128,16,--WriteThrough,--NoWriteAllocate,--LRU,274303,941,196758,4519,44906963
4096,128,32,--WriteBack,--WriteAllocate,--LRU,274303,750,196758,397,1802583
4096,128,32,--WriteBack,--NoWriteAllocate,--LRU,274303,900,196758,4527,2692703
4096,128,32,--WriteThrough,--WriteAllocate,--LRU,274303,750,196758,397,44952283
4096,128,32,--WriteThrough,--NoWriteAllocate,--LRU,274303,900,196758,4527,44897943
4096,256,1,--WriteBack,--WriteAllocate,--LRU,274303,6591,196758,1919,4076283
4096,256,1,--WriteBack,--NoWriteAllocate,--LRU,274303,6811,196758,8565,5286063
4096,256,1,--WriteThrough,--WriteAllocate,--LRU,274303,6591,196758,1919,46572143
4096,256,1,--WriteThrough,--NoWriteAllocate,--LRU,274303,6811,196758,8565,46198363
4096,256,2,--WriteBack,--WriteAllocate,--LRU,274303,3599,196758,789,2776303
4096,256,2,--WriteBack,--NoWriteAllocate,--LRU,274303,3875,196758,6412,3975523
4096,256,2,--WriteThrough,--WriteAllocate,--LRU,274303,3599,196758,789,45665303
4096,256,2,--WriteThrough,--NoWriteAllocate,--LRU,274303,3875,196758,6412,45552443
4096,256,4,--WriteBack,--WriteAllocate,--LRU,274303,1838,196758,380,2118503
4096,256,4,--WriteBack,--NoWriteAllocate,--LRU,274303,1976,196758,4664,3042723
4096,256,4,--WriteThrough,--WriteAllocate,--LRU,274303,1838,196758,380,45187903
4096,256,4,--WriteThrough,--NoWriteAllocate,--LRU,274303,1976,196758,4664,45134663
4096,256,8,--WriteBack,--WriteAllocate,--LRU,274303,1200,196758,300,1895423
4096,256,8,--WriteBack,--NoWriteAllocate,--LRU,274303,1286,196758,4203,2733843
4096,256,8,--WriteThrough,--WriteAllocate,--LRU,274303,1200,196758,300,45029943
4096,256,8,--WriteThrough,--NoWriteAllocate,--LRU,274303,1286,196758,4203,44982863
4096,256,16,--WriteBack,--WriteAllocate,--LRU,274303,1115,196758,294,1860663
4096,256,16,--WriteBack,--NoWriteAllocate,--LRU,274303,1229,196758,4127,2692263
4096,256,16,--WriteThrough,--WriteAllocate,--LRU,274303,1115,196758,294,45009923
4096,256,16,--WriteThrough,--NoWriteAllocate,--LRU,274303,1229,196758,4127,44970323
4096,512,1,--WriteBack,--WriteAllocate,--LRU,274303,11344,196758,3118,5923183
4096,512,1,--WriteBack,--NoWriteAllocate,--LRU,274303,11548,196758,10485,7076423
4096,512,1,--WriteThrough,--WriteAllocate,--LRU,274303,11344,196758,3118,47881583
4096,512,1,--WriteThrough,--NoWriteAllocate,--LRU,274303,11548,196758,10485,47240503
4096,512,2,--WriteBack,--WriteAllocate,--LRU,274303,5502,196758,1075,3396263
4096,512,2,--WriteBack,--NoWriteAllocate,--LRU,274303,5780,196758,7044,4602083
4096,512,2,--WriteThrough,--WriteAllocate,--LRU,274303,5502,196758,1075,46146883
4096,512,2,--WriteThrough,--NoWriteAllocate,--LRU,274303,5780,196758,7044,45971543
4096,512,4,--WriteBack,--WriteAllocate,--LRU,274303,3614,196758,652,2714043
4096,512,4,--WriteBack,--NoWriteAllocate,--LRU,274303,3570,196758,4948,3546743
4096,512,4,--WriteThrough,--WriteAllocate,--LRU,274303,3614,196758,652,45638463
4096,512,4,--WriteThrough,--NoWriteAllocate,--LRU,274303,3570,196758,4948,45485343
4096,512,8,--WriteBack,--WriteAllocate,--LRU,274303,2906,196758,553,2494483
4096,512,8,--WriteBack,--NoWriteAllocate,--LRU,274303,3161,196758,4882,3438063
4096,512,8,--WriteThrough,--WriteAllocate,--LRU,274303,2906,196758,553,45460923
4096,512,8,--WriteThrough,--NoWriteAllocate,--LRU,274303,3161,196758,4882,45395363
8192,16,1,--WriteBack,--WriteAllocate,--LRU,274303,2325,196758,2808,3198703
8192,16,1,--WriteBack,--NoWriteAllocate,--LRU,274303,3341,196758,6629,3853423
8192,16,1,--WriteThrough,--WriteAllocate,--LRU,274303,2325,196758,2808,45829203
8192,16,1,--WriteThrough,--NoWriteAllocate,--LRU,274303,3341,196758,6629,45434963
8192,16,2,--WriteBack,--WriteAllocate,--LRU,274303,1653,196758,2444,2862983
8192,16,2,--WriteBack,--NoWriteAllocate,--LRU,274303,2604,196758,6103,3515723
8192,16,2,--WriteThrough,--WriteAllocate,--LRU,274303,1653,196758,2444,45601283
8192,16,2,--WriteThrough,--NoWriteAllocate,--LRU,274303,2604,196758,6103,45272823
8192,16,4,--WriteBack,--WriteAllocate,--LRU,274303,1503,196758,2371,2789503
8192,16,4,--WriteBack,--NoWriteAllocate,--LRU,274303,2339,196758,6034,3415403
8192,16,4,--WriteThrough,--WriteAllocate,--LRU,274303,1503,196758,2371,45552223
8192,16,4,--WriteThrough,--NoWriteAllocate,--LRU,274303,2339,196758,6034,45214523
8192,16,8,--WriteBack,--WriteAllocate,--LRU,274303,1486,196758,2374,2782683
8192,16,8,--WriteBack,--NoWriteAllocate,--LRU,274303,2358,196758,6045,3416503
8192,16,8,--WriteThrough,--WriteAllocate,--LRU,274303,1486,196758,2374,45549143
8192,16,8,--WriteThrough,--NoWriteAllocate,--LRU,274303,2358,196758,6045,45218703
8192,16,16,--WriteBack,--WriteAllocate,--LRU,274303,1462,196758,2373,2771243
8192,16,16,--WriteBack,--NoWriteAllocate,--LRU,274303,2348,196758,6047,3412543
8192,16,16,--WriteThrough,--WriteAllocate,--LRU,274303,1462,196758,2373,45543643
8192,16,16,--WriteThrough,--NoWriteAllocate,--LRU,274303,2348,196758,6047,45216503
8192,16,32,--WriteBack,--WriteAllocate,--LRU,274303,1468,196758,2373,2772783
8192,16,32,--WriteBack,--NoWriteAllocate,--LRU,274303,2340,196758,6046,3409683
8192,16,32,--WriteThrough,--WriteAllocate,--LRU,274303,1468,196758,2373,45544963
8192,16,32,--WriteThrough,--NoWriteAllocate,--LRU,274303,2340,196758,6046,45214743
8192,32,1,--WriteBack,--WriteAllocate,--LRU,274303,1914,196758,1609,2625383
8192,32,1,--WriteBack,--NoWriteAllocate,--LRU,274303,2418,196758,6367,3546083
8192,32,1,--WriteThrough,--WriteAllocate,--LRU,274303,1914,196758,1609,45475003
8192,32,1,--WriteThrough,--NoWriteAllocate,--LRU,274303,2418,196758,6367,45231903
8192,32,2,--WriteBack,--WriteAllocate,--LRU,274303,1199,196758,1270,2283063
8192,32,2,--WriteBack,--NoWriteAllocate,--LRU,274303,1693,196758,5682,3185063
8192,32,2,--WriteThrough,--WriteAllocate,--LRU,274303,1199,196758,1270,45243123
8192,32,2,--WriteThrough,--NoWriteAllocate,--LRU,274303,1693,196758,5682,45072403
8192,32,4,--WriteBack,--WriteAllocate,--LRU,274303,992,196758,1213,2183403
8192,32,4,--WriteBack,--NoWriteAllocate,--LRU,274303,1449,196758,5609,3077923
8192,32,4,--WriteThrough,--WriteAllocate,--LRU,274303,992,196758,1213,45185043
8192,32,4,--WriteThrough,--NoWriteAllocate,--LRU,274303,1449,196758,5609,45018723
8192,32,8,--WriteBack,--WriteAllocate,--LRU,274303,915,196758,1209,2157223
8192,32,8,--WriteBack,--NoWriteAllocate,--LRU,274303,1367,196758,5598,3047123
8192,32,8,--WriteThrough,--WriteAllocate,--LRU,274303,915,196758,1209,45167223
8192,32,8,--WriteThrough,--NoWriteAllocate,--LRU,274303,1367,196758,5598,45000683
8192,32,16,--WriteBack,--WriteAllocate,--LRU,274303,912,196758,1206,2151723
8192,32,16,--WriteBack,--NoWriteAllocate,--LRU,274303,1362,196758,5602,3044043
8192,32,16,--WriteThrough,--WriteAllocate,--LRU,274303,912,196758,1206,45165903
8192,32,16,--WriteThrough,--NoWriteAllocate,--LRU,274303,1362,196758,5602,44999583
8192,32,32,--WriteBack,--WriteAllocate,--LRU,274303,919,196758,1207,2153923
8192,32,32,--WriteBack,--NoWriteAllocate,--LRU,274303,1362,196758,5605,3044483
8192,32,32,--WriteThrough,--WriteAllocate,--LRU,274303,919,196758,1207,45167663
8192,32,32,--WriteThrough,--NoWriteAllocate,--LRU,274303,1362,196758,5605,44999583
8192,64,1,--WriteBack,--WriteAllocate,--LRU,274303,1904,196758,1039,2401203
8192,64,1,--WriteBack,--NoWriteAllocate,--LRU,274303,2183,196758,5817,3364143
8192,64,1,--WriteThrough,--WriteAllocate,--LRU,274303,1904,196758,1039,45347403
8192,64,1,--WriteThrough,--NoWriteAllocate,--LRU,274303,2183,196758,5817,45180203
8192,64,2,--WriteBack,--WriteAllocate,--LRU,274303,1012,196758,674,1993763
8192,64,2,--WriteBack,--NoWriteAllocate,--LRU,274303,1275,196758,4985,2911383
8192,64,2,--WriteThrough,--WriteAllocate,--LRU,274303,1012,196758,674,45070863
8192,64,2,--WriteThrough,--NoWriteAllocate,--LRU,274303,1275,196758,4985,44980443
8192,64,4,--WriteBack,--WriteAllocate,--LRU,274303,738,196758,634,1881783
8192,64,4,--WriteBack,--NoWriteAllocate,--LRU,274303,985,196758,4908,2794563
8192,64,4,--WriteThrough,--WriteAllocate,--LRU,274303,738,196758,634,45001783
8192,64,4,--WriteThrough,--NoWriteAllocate,--LRU,274303,985,196758,4908,44916643
8192,64,8,--WriteBack,--WriteAllocate,--LRU,274303,610,196758,624,1838443
8192,64,8,--WriteBack,--NoWriteAllocate,--LRU,274303,853,196758,4874,2745283
8192,64,8,--WriteThrough,--WriteAllocate,--LRU,274303,610,196758,624,44971423
8192,64,8,--WriteThrough,--NoWriteAllocate,--LRU,274303,853,196758,4874,44887603
8192,64,16,--WriteBack,--WriteAllocate,--LRU,274303,612,196758,617,1834703
8192,64,16,--WriteBack,--NoWriteAllocate,--LRU,274303,857,196758,4880,2746163
8192,64,16,--WriteThrough,--WriteAllocate,--LRU,274303,612,196758,617,44970323
8192,64,16,--WriteThrough,--NoWriteAllocate,--LRU,274303,857,196758,4880,44888483
8192,64,32,--WriteBack,--WriteAllocate,--LRU,274303,616,196758,619,1837343
8192,64,32,--WriteBack,--NoWriteAllocate,--LRU,274303,864,196758,4868,2745503
8192,64,32,--WriteThrough,--WriteAllocate,--LRU,274303,616,196758,619,44971643
8192,64,32,--WriteThrough,--NoWriteAllocate,--LRU,274303,864,196758,4868,44890023
8192,128,1,--WriteBack,--WriteAllocate,--LRU,274303,2154,196758,803,2367763
8192,128,1,--WriteBack,--NoWriteAllocate,--LRU,274303,2228,196758,5556,3301443
8192,128,1,--WriteThrough,--WriteAllocate,--LRU,274303,2154,196758,803,45350483
8192,128,1,--WriteThrough,--NoWriteAllocate,--LRU,274303,2228,196758,5556,45190103
8192,128,2,--WriteBack,--WriteAllocate,--LRU,274303,928,196758,377,1853843
8192,128,2,--WriteBack,--NoWriteAllocate,--LRU,274303,1054,196758,4471,2734063
8192,128,2,--WriteThrough,--WriteAllocate,--LRU,274303,928,196758,377,44987043
8192,128,2,--WriteThrough,--NoWriteAllocate,--LRU,274303,1054,196758,4471,44931823
8192,128,4,--WriteBack,--WriteAllocate,--LRU,274303,637,196758,346,1742083
8192,128,4,--WriteBack,--NoWriteAllocate,--LRU,274303,758,196758,4355,2609323
8192,128,4,--WriteThrough,--WriteAllocate,--LRU,274303,637,196758,346,44916203
8192,128,4,--WriteThrough,--NoWriteAllocate,--LRU,274303,758,196758,4355,44866703
8192,128,8,--WriteBack,--WriteAllocate,--LRU,274303,428,196758,323,1669263
8192,128,8,--WriteBack,--NoWriteAllocate,--LRU,274303,562,196758,4304,2535403
8192,128,8,--WriteThrough,--WriteAllocate,--LRU,274303,428,196758,323,44865163
8192,128,8,--WriteThrough,--NoWriteAllocate,--LRU,274303,562,196758,4304,44823583
8192,128,16,--WriteBack,--WriteAllocate,--LRU,274303,417,196758,322,1664643
8192,128,16,--WriteBack,--NoWriteAllocate,--LRU,274303,547,196758,4307,2530783
8192,128,16,--WriteThrough,--WriteAllocate,--LRU,274303,417,196758,322,44862523
8192,128,16,--WriteThrough,--NoWriteAllocate,--LRU,274303,547,196758,4307,44820283
8192,128,32,--WriteBack,--WriteAllocate,--LRU,274303,414,196758,324,1664203
8192,128,32,--WriteBack,--NoWriteAllocate,--LRU,274303,546,196758,4305,2529683
8192,128,32,--WriteThrough,--WriteAllocate,--LRU,274303,414,196758,324,44862303
8192,128,32,--WriteThrough,--NoWriteAllocate,--LRU,274303,546,196758,4305,44820063
8192,256,1,--WriteBack,--WriteAllocate,--LRU,274303,2981,196758,925,2649583
8192,256,1,--WriteBack,--NoWriteAllocate,--LRU,274303,2970,196758,5613,3526063
8192,256,1,--WriteThrough,--WriteAllocate,--LRU,274303,2981,196758,925,45559263
8192,256,1,--WriteThrough,--NoWriteAllocate,--LRU,274303,2970,196758,5613,45353343
8192,256,2,--WriteBack,--WriteAllocate,--LRU,274303,1056,196758,307,1859343
8192,256,2,--WriteBack,--NoWriteAllocate,--LRU,274303,1139,196758,4198,2688523
8192,256,2,--WriteThrough,--WriteAllocate,--LRU,274303,1056,196758,307,44999803
8192,256,2,--WriteThrough,--NoWriteAllocate,--LRU,274303,1139,196758,4198,44950523
8192,256,4,--WriteBack,--WriteAllocate,--LRU,274303,808,196758,231,1744283
8192,256,4,--WriteBack,--NoWriteAllocate,--LRU,274303,896,196758,4027,2571043
8192,256,4,--WriteThrough,--WriteAllocate,--LRU,274303,808,196758,231,44928523
8192,256,4,--WriteThrough,--NoWriteAllocate,--LRU,274303,896,196758,4027,44897063
8192,256,8,--WriteBack,--WriteAllocate,--LRU,274303,341,196758,176,1586323
8192,256,8,--WriteBack,--NoWriteAllocate,--LRU,274303,413,196758,3767,2371723
8192,256,8,--WriteThrough,--WriteAllocate,--LRU,274303,341,196758,176,44813683
8192,256,8,--WriteThrough,--NoWriteAllocate,--LRU,274303,413,196758,3767,44790803
8192,256,16,--WriteBack,--WriteAllocate,--LRU,274303,311,196758,177,1577743
8192,256,16,--WriteBack,--NoWriteAllocate,--LRU,274303,395,196758,3771,2366883
8192,256,16,--WriteThrough,--WriteAllocate,--LRU,274303,311,196758,177,44807303
8192,256,16,--WriteThrough,--NoWriteAllocate,--LRU,274303,395,196758,3771,44786843
8192,256,32,--WriteBack,--WriteAllocate,--LRU,274303,313,196758,176,1577743
8192,256,32,--WriteBack,--NoWriteAllocate,--LRU,274303,393,196758,3771,2365783
8192,256,32,--WriteThrough,--WriteAllocate,--LRU,274303,313,196758,176,44807523
8192,256,32,--WriteThrough,--NoWriteAllocate,--LRU,274303,393,196758,3771,44786403
8192,512,1,--WriteBack,--WriteAllocate,--LRU,274303,5263,196758,1866,3712843
8192,512,1,--WriteBack,--NoWriteAllocate,--LRU,274303,5547,196758,6986,4598783
8192,512,1,--WriteThrough,--WriteAllocate,--LRU,274303,5263,196758,1866,46268323
8192,512,1,--WriteThrough,--NoWriteAllocate,--LRU,274303,5547,196758,6986,45920283
8192,512,2,--WriteBack,--WriteAllocate,--LRU,274303,1711,196758,354,2054703
8192,512,2,--WriteBack,--NoWriteAllocate,--LRU,274303,1748,196758,5374,3104763
8192,512,2,--WriteThrough,--WriteAllocate,--LRU,274303,1711,196758,354,45154243
8192,512,2,--WriteThrough,--NoWriteAllocate,--LRU,274303,1748,196758,5374,45084503
8192,512,4,--WriteBack,--WriteAllocate,--LRU,274303,1380,196758,186,1888823
8192,512,4,--WriteBack,--NoWriteAllocate,--LRU,274303,1437,196758,3631,2633083
8192,512,4,--WriteThrough,--WriteAllocate,--LRU,274303,1380,196758,186,45044463
8192,512,4,--WriteThrough,--NoWriteAllocate,--LRU,274303,1437,196758,3631,45016083
8192,512,8,--WriteBack,--WriteAllocate,--LRU,274303,727,196758,119,1676743
8192,512,8,--WriteBack,--NoWriteAllocate,--LRU,274303,757,196758,3401,2390423
8192,512,8,--WriteThrough,--WriteAllocate,--LRU,274303,727,196758,119,44886063
8192,512,8,--WriteThrough,--NoWriteAllocate,--LRU,274303,757,196758,3401,44866483
8192,512,16,--WriteBack,--WriteAllocate,--LRU,274303,524,196758,119,1611183
8192,512,16,--WriteBack,--NoWriteAllocate,--LRU,274303,551,196758,3376,2318043
8192,512,16,--WriteThrough,--WriteAllocate,--LRU,274303,524,196758,119,44841403
8192,512,16,--WriteThrough,--NoWriteAllocate,--LRU,274303,551,196758,3376,44821163
16384,16,1,--WriteBack,--WriteAllocate,--LRU,274303,1367,196758,2544,2749683
16384,16,1,--WriteBack,--NoWriteAllocate,--LRU,274303,2787,196758,5967,3520123
16384,16,1,--WriteThrough,--WriteAllocate,--LRU,274303,1367,196758,2544,45560363
16384,16,1,--WriteThrough,--NoWriteAllocate,--LRU,274303,2787,196758,5967,45313083
16384,16,2,--WriteBack,--WriteAllocate,--LRU,274303,580,196758,2281,2374803
16384,16,2,--WriteBack,--NoWriteAllocate,--LRU,274303,2032,196758,5553,3178243
16384,16,2,--WriteThrough,--WriteAllocate,--LRU,274303,580,196758,2281,45329363
16384,16,2,--WriteThrough,--NoWriteAllocate,--LRU,274303,2032,196758,5553,45146983
16384,16,4,--WriteBack,--WriteAllocate,--LRU,274303,581,196758,2279,2380303
16384,16,4,--WriteBack,--NoWriteAllocate,--LRU,274303,2018,196758,5551,3172963
16384,16,4,--WriteThrough,--WriteAllocate,--LRU,274303,581,196758,2279,45329143
16384,16,4,--WriteThrough,--NoWriteAllocate,--LRU,274303,2018,196758,5551,45143903
16384,16,8,--WriteBack,--WriteAllocate,--LRU,274303,555,196758,2273,2370403
16384,16,8,--WriteBack,--NoWriteAllocate,--LRU,274303,2007,196758,5550,3172083
16384,16,8,--WriteThrough,--WriteAllocate,--LRU,274303,555,196758,2273,45322103
16384,16,8,--WriteThrough,--NoWriteAllocate,--LRU,274303,2007,196758,5550,45141483
16384,16,16,--WriteBack,--WriteAllocate,--LRU,274303,547,196758,2273,2366883
16384,16,16,--WriteBack,--NoWriteAllocate,--LRU,274303,2011,196758,5551,3174943
16384,16,16,--WriteThrough,--WriteAllocate,--LRU,274303,547,196758,2273,45320343
16384,16,16,--WriteThrough,--NoWriteAllocate,--LRU,274303,2011,196758,5551,45142363
16384,16,32,--WriteBack,--WriteAllocate,--LRU,274303,541,196758,2274,2365123
16384,16,32,--WriteBack,--NoWriteAllocate,--LRU,274303,2006,196758,5551,3172743
16384,16,32,--WriteThrough,--WriteAllocate,--LRU,274303,541,196758,2274,45319243
16384,16,32,--WriteThrough,--NoWriteAllocate,--LRU,274303,2006,196758,5551,45141263
16384,32,1,--WriteBack,--WriteAllocate,--LRU,274303,1155,196758,1401,2278223
16384,32,1,--WriteBack,--NoWriteAllocate,--LRU,274303,1887,196758,5828,3247983
16384,32,1,--WriteThrough,--WriteAllocate,--LRU,274303,1155,196758,1401,45262263
16384,32,1,--WriteThrough,--NoWriteAllocate,--LRU,274303,1887,196758,5828,45115083
16384,32,2,--WriteBack,--WriteAllocate,--LRU,274303,403,196758,1168,1942723
16384,32,2,--WriteBack,--NoWriteAllocate,--LRU,274303,1160,196758,5281,2899283
16384,32,2,--WriteThrough,--WriteAllocate,--LRU,274303,403,196758,1168,45045563
16384,32,2,--WriteThrough,--NoWriteAllocate,--LRU,274303,1160,196758,5281,44955143
16384,32,4,--WriteBack,--WriteAllocate,--LRU,274303,411,196758,1165,1948443
16384,32,4,--WriteBack,--NoWriteAllocate,--LRU,274303,1141,196758,5277,2889383
16384,32,4,--WriteThrough,--WriteAllocate,--LRU,274303,411,196758,1165,45046663
16384,32,4,--WriteThrough,--NoWriteAllocate,--LRU,274303,1141,196758,5277,44950963
16384,32,8,--WriteBack,--WriteAllocate,--LRU,274303,395,196758,1162,1943383
16384,32,8,--WriteBack,--NoWriteAllocate,--LRU,274303,1129,196758,5275,2886303
16384,32,8,--WriteThrough,--WriteAllocate,--LRU,274303,395,196758,1162,45042483
16384,32,8,--WriteThrough,--NoWriteAllocate,--LRU,274303,1129,196758,5275,44948323
16384,32,16,--WriteBack,--WriteAllocate,--LRU,274303,387,196758,1161,1939863
16384,32,16,--WriteBack,--NoWriteAllocate,--LRU,274303,1129,196758,5272,2885643
16384,32,16,--WriteThrough,--WriteAllocate,--LRU,274303,387,196758,1161,45040503
16384,32,16,--WriteThrough,--NoWriteAllocate,--LRU,274303,1129,196758,5272,44948323
16384,32,32,--WriteBack,--WriteAllocate,--LRU,274303,379,196758,1161,1937223
16384,32,32,--WriteBack,--NoWriteAllocate,--LRU,274303,1124,196758,5273,2886303
16384,32,32,--WriteThrough,--WriteAllocate,--LRU,274303,379,196758,1161,45038743
16384,32,32,--WriteThrough,--NoWriteAllocate,--LRU,274303,1124,196758,5273,44947223
16384,64,1,--WriteBack,--WriteAllocate,--LRU,274303,1198,196758,840,2094303
16384,64,1,--WriteBack,--NoWriteAllocate,--LRU,274303,1613,196758,5525,3117963
16384,64,1,--WriteThrough,--WriteAllocate,--LRU,274303,1198,196758,840,45148303
16384,64,1,--WriteThrough,--NoWriteAllocate,--LRU,274303,1613,196758,5525,45054803
16384,64,2,--WriteBack,--WriteAllocate,--LRU,274303,368,196758,605,1738123
16384,64,2,--WriteBack,--NoWriteAllocate,--LRU,274303,762,196758,4850,2701063
16384,64,2,--WriteThrough,--WriteAllocate,--LRU,274303,368,196758,605,44914003
16384,64,2,--WriteThrough,--NoWriteAllocate,--LRU,274303,762,196758,4850,44867583
16384,64,4,--WriteBack,--WriteAllocate,--LRU,274303,290,196758,595,1713483
16384,64,4,--WriteBack,--NoWriteAllocate,--LRU,274303,673,196758,4814,2665423
16384,64,4,--WriteThrough,--WriteAllocate,--LRU,274303,290,196758,595,44894643
16384,64,4,--WriteThrough,--NoWriteAllocate,--LRU,274303,673,196758,4814,44848003
16384,64,8,--WriteBack,--WriteAllocate,--LRU,274303,283,196758,596,1712383
16384,64,8,--WriteBack,--NoWriteAllocate,--LRU,274303,666,196758,4808,2663223
16384,64,8,--WriteThrough,--WriteAllocate,--LRU,274303,283,196758,596,44893323
16384,64,8,--WriteThrough,--NoWriteAllocate,--LRU,274303,666,196758,4808,44846463
16384,64,16,--WriteBack,--WriteAllocate,--LRU,274303,278,196758,593,1709523
16384,64,16,--WriteBack,--NoWriteAllocate,--LRU,274303,663,196758,4805,2662123
16384,64,16,--WriteThrough,--WriteAllocate,--LRU,274303,278,196758,593,44891563
16384,64,16,--WriteThrough,--NoWriteAllocate,--LRU,274303,663,196758,4805,44845803
16384,64,32,--WriteBack,--WriteAllocate,--LRU,274303,268,196758,592,1706003
16384,64,32,--WriteBack,--NoWriteAllocate,--LRU,274303,662,196758,4805,2661903
16384,64,32,--WriteThrough,--WriteAllocate,--LRU,274303,268,196758,592,44889143
16384,64,32,--WriteThrough,--NoWriteAllocate,--LRU,274303,662,196758,4805,44845583
16384,128,1,--WriteBack,--WriteAllocate,--LRU,274303,1339,196758,572,2030723
16384,128,1,--WriteBack,--NoWriteAllocate,--LRU,274303,1554,196758,5251,3034583
16384,128,1,--WriteThrough,--WriteAllocate,--LRU,274303,1339,196758,572,45120363
16384,128,1,--WriteThrough,--NoWriteAllocate,--LRU,274303,1554,196758,5251,45041823
16384,128,2,--WriteBack,--WriteAllocate,--LRU,274303,332,196758,319,1629223
16384,128,2,--WriteBack,--NoWriteAllocate,--LRU,274303,530,196758,4326,2524623
16384,128,2,--WriteThrough,--WriteAllocate,--LRU,274303,332,196758,319,44843163
16384,128,2,--WriteThrough,--NoWriteAllocate,--LRU,274303,530,196758,4326,44816543
16384,128,4,--WriteBack,--WriteAllocate,--LRU,274303,217,196758,306,1591163
16384,128,4,--WriteBack,--NoWriteAllocate,--LRU,274303,414,196758,4280,2479523
16384,128,4,--WriteThrough,--WriteAllocate,--LRU,274303,217,196758,306,44815003
16384,128,4,--WriteThrough,--NoWriteAllocate,--LRU,274303,414,196758,4280,44791023
16384,128,8,--WriteBack,--WriteAllocate,--LRU,274303,209,196758,303,1587643
16384,128,8,--WriteBack,--NoWriteAllocate,--LRU,274303,401,196758,4276,2473583
16384,128,8,--WriteThrough,--WriteAllocate,--LRU,274303,209,196758,303,44812583
16384,128,8,--WriteThrough,--NoWriteAllocate,--LRU,274303,401,196758,4276,44788163
16384,128,16,--WriteBack,--WriteAllocate,--LRU,274303,206,196758,302,1585443
16384,128,16,--WriteBack,--NoWriteAllocate,--LRU,274303,395,196758,4276,2471603
16384,128,16,--WriteThrough,--WriteAllocate,--LRU,274303,206,196758,302,44811703
16384,128,16,--WriteThrough,--NoWriteAllocate,--LRU,274303,395,196758,4276,44786843
16384,128,32,--WriteBack,--WriteAllocate,--LRU,274303,199,196758,302,1583683
16384,128,32,--WriteBack,--NoWriteAllocate,--LRU,274303,391,196758,4276,2469623
16384,128,32,--WriteThrough,--WriteAllocate,--LRU,274303,199,196758,302,44810163
16384,128,32,--WriteThrough,--NoWriteAllocate,--LRU,274303,391,196758,4276,44785963
16384,256,1,--WriteBack,--WriteAllocate,--LRU,274303,1662,196758,520,2097163
16384,256,1,--WriteBack,--NoWriteAllocate,--LRU,274303,1737,196758,5061,3037443
16384,256,1,--WriteThrough,--WriteAllocate,--LRU,274303,1662,196758,520,45179983
16384,256,1,--WriteThrough,--NoWriteAllocate,--LRU,274303,1737,196758,5061,45082083
16384,256,2,--WriteBack,--WriteAllocate,--LRU,274303,371,196758,186,1592483
16384,256,2,--WriteBack,--NoWriteAllocate,--LRU,274303,483,196758,3813,2396803
16384,256,2,--WriteThrough,--WriteAllocate,--LRU,274303,371,196758,186,44822483
16384,256,2,--WriteThrough,--NoWriteAllocate,--LRU,274303,483,196758,3813,44806203
16384,256,4,--WriteBack,--WriteAllocate,--LRU,274303,169,196758,159,1523623
16384,256,4,--WriteBack,--NoWriteAllocate,--LRU,274303,278,196758,3736,2320903
16384,256,4,--WriteThrough,--WriteAllocate,--LRU,274303,169,196758,159,44772103
16384,256,4,--WriteThrough,--NoWriteAllocate,--LRU,274303,278,196758,3736,44761103
16384,256,8,--WriteBack,--WriteAllocate,--LRU,274303,159,196758,160,1519663
16384,256,8,--WriteBack,--NoWriteAllocate,--LRU,274303,265,196758,3745,2317603
16384,256,8,--WriteThrough,--WriteAllocate,--LRU,274303,159,196758,160,44770123
16384,256,8,--WriteThrough,--NoWriteAllocate,--LRU,274303,265,196758,3745,44758243
16384,256,16,--WriteBack,--WriteAllocate,--LRU,274303,151,196758,160,1517683
16384,256,16,--WriteBack,--NoWriteAllocate,--LRU,274303,261,196758,3745,2316723
16384,256,16,--WriteThrough,--WriteAllocate,--LRU,274303,151,196758,160,44768363
16384,256,16,--WriteThrough,--NoWriteAllocate,--LRU,274303,261,196758,3745,44757363
16384,256,32,--WriteBack,--WriteAllocate,--LRU,274303,160,196758,160,1519883
16384,256,32,--WriteBack,--NoWriteAllocate,--LRU,274303,260,196758,3745,2315623
16384,256,32,--WriteThrough,--WriteAllocate,--LRU,274303,160,196758,160,44770343
16384,256,32,--WriteThrough,--NoWriteAllocate,--LRU,274303,260,196758,3745,44757143
16384,512,1,--WriteBack,--WriteAllocate,--LRU,274303,2642,196758,740,2470503
16384,512,1,--WriteBack,--NoWriteAllocate,--LRU,274303,2611,196758,5236,3326963
16384,512,1,--WriteThrough,--WriteAllocate,--LRU,274303,2642,196758,740,45443983
16384,512,1,--WriteThrough,--NoWriteAllocate,--LRU,274303,2611,196758,5236,45274363
16384,512,2,--WriteBack,--WriteAllocate,--LRU,274303,508,196758,160,1627463
16384,512,2,--WriteBack,--NoWriteAllocate,--LRU,274303,579,196758,3470,2350383
16384,512,2,--WriteThrough,--WriteAllocate,--LRU,274303,508,196758,160,44846903
16384,512,2,--WriteThrough,--NoWriteAllocate,--LRU,274303,579,196758,3470,44827323
16384,512,4,--WriteBack,--WriteAllocate,--LRU,274303,283,196758,94,1532643
16384,512,4,--WriteBack,--NoWriteAllocate,--LRU,274303,334,196758,3275,2235543
16384,512,4,--WriteThrough,--WriteAllocate,--LRU,274303,283,196758,94,44782883
16384,512,4,--WriteThrough,--NoWriteAllocate,--LRU,274303,334,196758,3275,44773423
16384,512,8,--WriteBack,--WriteAllocate,--LRU,274303,193,196758,88,1502723
16384,512,8,--WriteBack,--NoWriteAllocate,--LRU,274303,238,196758,3253,2200563
16384,512,8,--WriteThrough,--WriteAllocate,--LRU,274303,193,196758,88,44761763
16384,512,8,--WriteThrough,--NoWriteAllocate,--LRU,274303,238,196758,3253,44752303
16384,512,16,--WriteBack,--WriteAllocate,--LRU,274303,138,196758,89,1487103
16384,512,16,--WriteBack,--NoWriteAllocate,--LRU,274303,184,196758,3251,2184723
16384,512,16,--WriteThrough,--WriteAllocate,--LRU,274303,138,196758,89,44749883
16384,512,16,--WriteThrough,--NoWriteAllocate,--LRU,274303,184,196758,3251,44740423
16384,512,32,--WriteBack,--WriteAllocate,--LRU,274303,134,196758,88,1486003
16384,512,32,--WriteBack,--NoWriteAllocate,--LRU,274303,179,196758,3251,2183403
16384,512,32,--WriteThrough,--WriteAllocate,--LRU,274303,134,196758,88,44748783
16384,512,32,--WriteThrough,--NoWriteAllocate,--LRU,274303,179,196758,3251,44739323
32768,16,1,--WriteBack,--WriteAllocate,--LRU,274303,898,196758,2455,2392183
32768,16,1,--WriteBack,--NoWriteAllocate,--LRU,274303,2483,196758,5821,3331363
32768,16,1,--WriteThrough,--WriteAllocate,--LRU,274303,898,196758,2455,45437603
32768,16,1,--WriteThrough,--NoWriteAllocate,--LRU,274303,2483,196758,5821,45246203
32768,16,2,--WriteBack,--WriteAllocate,--LRU,274303,440,196758,2265,2164263
32768,16,2,--WriteBack,--NoWriteAllocate,--LRU,274303,1991,196758,5548,3103003
32768,16,2,--WriteThrough,--WriteAllocate,--LRU,274303,440,196758,2265,45295043
32768,16,2,--WriteThrough,--NoWriteAllocate,--LRU,274303,1991,196758,5548,45137963
32768,16,4,--WriteBack,--WriteAllocate,--LRU,274303,411,196758,2261,2108823
32768,16,4,--WriteBack,--NoWriteAllocate,--LRU,274303,1975,196758,5545,3077263
32768,16,4,--WriteThrough,--WriteAllocate,--LRU,274303,411,196758,2261,45287783
32768,16,4,--WriteThrough,--NoWriteAllocate,--LRU,274303,1975,196758,5545,45134443
32768,16,8,--WriteBack,--WriteAllocate,--LRU,274303,398,196758,2261,2093643
32768,16,8,--WriteBack,--NoWriteAllocate,--LRU,274303,1973,196758,5545,3072423
32768,16,8,--WriteThrough,--WriteAllocate,--LRU,274303,398,196758,2261,45284923
32768,16,8,--WriteThrough,--NoWriteAllocate,--LRU,274303,1973,196758,5545,45134003
32768,16,16,--WriteBack,--WriteAllocate,--LRU,274303,398,196758,2261,2091883
32768,16,16,--WriteBack,--NoWriteAllocate,--LRU,274303,1973,196758,5545,3070443
32768,16,16,--WriteThrough,--WriteAllocate,--LRU,274303,398,196758,2261,45284923
32768,16,16,--WriteThrough,--NoWriteAllocate,--LRU,274303,1973,196758,5545,45134003
32768,16,32,--WriteBack,--WriteAllocate,--LRU,274303,397,196758,2261,2090343
32768,16,32,--WriteBack,--NoWriteAllocate,--LRU,274303,1972,196758,5545,3067803
32768,16,32,--WriteThrough,--WriteAllocate,--LRU,274303,397,196758,2261,45284703
32768,16,32,--WriteThrough,--NoWriteAllocate,--LRU,274303,1972,196758,5545,45133783
32768,32,1,--WriteBack,--WriteAllocate,--LRU,274303,728,196758,1313,2018843
32768,32,1,--WriteBack,--NoWriteAllocate,--LRU,274303,1571,196758,5583,3055923
32768,32,1,--WriteThrough,--WriteAllocate,--LRU,274303,728,196758,1313,45148963
32768,32,1,--WriteThrough,--NoWriteAllocate,--LRU,274303,1571,196758,5583,45045563
32768,32,2,--WriteBack,--WriteAllocate,--LRU,274303,306,196758,1157,1824143
32768,32,2,--WriteBack,--NoWriteAllocate,--LRU,274303,1130,196758,5276,2847803
32768,32,2,--WriteThrough,--WriteAllocate,--LRU,274303,306,196758,1157,45021803
32768,32,2,--WriteThrough,--NoWriteAllocate,--LRU,274303,1130,196758,5276,44948543
32768,32,4,--WriteBack,--WriteAllocate,--LRU,274303,275,196758,1152,1790043
32768,32,4,--WriteBack,--NoWriteAllocate,--LRU,274303,1104,196758,5270,2825143
32768,32,4,--WriteThrough,--WriteAllocate,--LRU,274303,275,196758,1152,45013883
32768,32,4,--WriteThrough,--NoWriteAllocate,--LRU,274303,1104,196758,5270,44942823
32768,32,8,--WriteBack,--WriteAllocate,--LRU,274303,266,196758,1153,1784103
32768,32,8,--WriteBack,--NoWriteAllocate,--LRU,274303,1104,196758,5270,2823163
32768,32,8,--WriteThrough,--WriteAllocate,--LRU,274303,266,196758,1153,45012123
32768,32,8,--WriteThrough,--NoWriteAllocate,--LRU,274303,1104,196758,5270,44942823
32768,32,16,--WriteBack,--WriteAllocate,--LRU,274303,265,196758,1152,1783003
32768,32,16,--WriteBack,--NoWriteAllocate,--LRU,274303,1104,196758,5270,2820743
32768,32,16,--WriteThrough,--WriteAllocate,--LRU,274303,265,196758,1152,45011683
32768,32,16,--WriteThrough,--NoWriteAllocate,--LRU,274303,1104,196758,5270,44942823
32768,32,32,--WriteBack,--WriteAllocate,--LRU,274303,262,196758,1153,1781903
32768,32,32,--WriteBack,--NoWriteAllocate,--LRU,274303,1104,196758,5270,2819423
32768,32,32,--WriteThrough,--WriteAllocate,--LRU,274303,262,196758,1153,45011243
32768,32,32,--WriteThrough,--NoWriteAllocate,--LRU,274303,1104,196758,5270,44942823
32768,64,1,--WriteBack,--WriteAllocate,--LRU,274303,648,196758,731,1829643
32768,64,1,--WriteBack,--NoWriteAllocate,--LRU,274303,1098,196758,5127,2840983
32768,64,1,--WriteThrough,--WriteAllocate,--LRU,274303,648,196758,731,45003323
32768,64,1,--WriteThrough,--NoWriteAllocate,--LRU,274303,1098,196758,5127,44941503
32768,64,2,--WriteBack,--WriteAllocate,--LRU,274303,281,196758,599,1664643
32768,64,2,--WriteBack,--NoWriteAllocate,--LRU,274303,727,196758,4845,2662343
32768,64,2,--WriteThrough,--WriteAllocate,--LRU,274303,281,196758,599,44893543
32768,64,2,--WriteThrough,--NoWriteAllocate,--LRU,274303,727,196758,4845,44859883
32768,64,4,--WriteBack,--WriteAllocate,--LRU,274303,196,196758,586,1623723
32768,64,4,--WriteBack,--NoWriteAllocate,--LRU,274303,642,196758,4802,2621203
32768,64,4,--WriteThrough,--WriteAllocate,--LRU,274303,196,196758,586,44871983
32768,64,4,--WriteThrough,--NoWriteAllocate,--LRU,274303,642,196758,4802,44841183
32768,64,8,--WriteBack,--WriteAllocate,--LRU,274303,189,196758,586,1621083
32768,64,8,--WriteBack,--NoWriteAllocate,--LRU,274303,640,196758,4802,2619443
32768,64,8,--WriteThrough,--WriteAllocate,--LRU,274303,189,196758,586,44870443
32768,64,8,--WriteThrough,--NoWriteAllocate,--LRU,274303,640,196758,4802,44840743
32768,64,16,--WriteBack,--WriteAllocate,--LRU,274303,182,196758,586,1619543
32768,64,16,--WriteBack,--NoWriteAllocate,--LRU,274303,639,196758,4802,2618123
32768,64,16,--WriteThrough,--WriteAllocate,--LRU,274303,182,196758,586,44868903
32768,64,16,--WriteThrough,--NoWriteAllocate,--LRU,274303,639,196758,4802,44840523
32768,64,32,--WriteBack,--WriteAllocate,--LRU,274303,184,196758,586,1620643
32768,64,32,--WriteBack,--NoWriteAllocate,--LRU,274303,638,196758,4802,2618123
32768,64,32,--WriteThrough,--WriteAllocate,--LRU,274303,184,196758,586,44869343
32768,64,32,--WriteThrough,--NoWriteAllocate,--LRU,274303,638,196758,4802,44840303
32768,128,1,--WriteBack,--WriteAllocate,--LRU,274303,696,196758,455,1764303
32768,128,1,--WriteBack,--NoWriteAllocate,--LRU,274303,906,196758,4621,2682363
32768,128,1,--WriteThrough,--WriteAllocate,--LRU,274303,696,196758,455,44953163
32768,128,1,--WriteThrough,--NoWriteAllocate,--LRU,274303,906,196758,4621,44899263
32768,128,2,--WriteBack,--WriteAllocate,--LRU,274303,253,196758,314,1580163
32768,128,2,--WriteBack,--NoWriteAllocate,--LRU,274303,486,196758,4321,2494483
32768,128,2,--WriteThrough,--WriteAllocate,--LRU,274303,253,196758,314,44824683
32768,128,2,--WriteThrough,--NoWriteAllocate,--LRU,274303,486,196758,4321,44806863
32768,128,4,--WriteBack,--WriteAllocate,--LRU,274303,137,196758,299,1534403
32768,128,4,--WriteBack,--NoWriteAllocate,--LRU,274303,375,196758,4273,2446963
32768,128,4,--WriteThrough,--WriteAllocate,--LRU,274303,137,196758,299,44795863
32768,128,4,--WriteThrough,--NoWriteAllocate,--LRU,274303,375,196758,4273,44782443
32768,128,8,--WriteBack,--WriteAllocate,--LRU,274303,132,196758,298,1531983
32768,128,8,--WriteBack,--NoWriteAllocate,--LRU,274303,373,196758,4262,2443223
32768,128,8,--WriteThrough,--WriteAllocate,--LRU,274303,132,196758,298,44794543
32768,128,8,--WriteThrough,--NoWriteAllocate,--LRU,274303,373,196758,4262,44782003
32768,128,16,--WriteBack,--WriteAllocate,--LRU,274303,129,196758,297,1530883
32768,128,16,--WriteBack,--NoWriteAllocate,--LRU,274303,371,196758,4262,2442563
32768,128,16,--WriteThrough,--WriteAllocate,--LRU,274303,129,196758,297,44793663
32768,128,16,--WriteThrough,--NoWriteAllocate,--LRU,274303,371,196758,4262,44781563
32768,128,32,--WriteBack,--WriteAllocate,--LRU,274303,127,196758,297,1530443
32768,128,32,--WriteBack,--NoWriteAllocate,--LRU,274303,369,196758,4262,2442123
32768,128,32,--WriteThrough,--WriteAllocate,--LRU,274303,127,196758,297,44793223
32768,128,32,--WriteThrough,--NoWriteAllocate,--LRU,274303,369,196758,4262,44781123
32768,256,1,--WriteBack,--WriteAllocate,--LRU,274303,948,196758,378,1819963
32768,256,1,--WriteBack,--NoWriteAllocate,--LRU,274303,1052,196758,4204,2635063
32768,256,1,--WriteThrough,--WriteAllocate,--LRU,274303,948,196758,378,44991663
32768,256,1,--WriteThrough,--NoWriteAllocate,--LRU,274303,1052,196758,4204,44931383
32768,256,2,--WriteBack,--WriteAllocate,--LRU,274303,288,196758,179,1552223
32768,256,2,--WriteBack,--NoWriteAllocate,--LRU,274303,423,196758,3801,2366883
32768,256,2,--WriteThrough,--WriteAllocate,--LRU,274303,288,196758,179,44802683
32768,256,2,--WriteThrough,--NoWriteAllocate,--LRU,274303,423,196758,3801,44793003
32768,256,4,--WriteBack,--WriteAllocate,--LRU,274303,107,196758,154,1486883
32768,256,4,--WriteBack,--NoWriteAllocate,--LRU,274303,237,196758,3730,2295163
32768,256,4,--WriteThrough,--WriteAllocate,--LRU,274303,107,196758,154,44757363
32768,256,4,--WriteThrough,--NoWriteAllocate,--LRU,274303,237,196758,3730,44752083
32768,256,8,--WriteBack,--WriteAllocate,--LRU,274303,106,196758,155,1487543
32768,256,8,--WriteBack,--NoWriteAllocate,--LRU,274303,234,196758,3732,2295383
32768,256,8,--WriteThrough,--WriteAllocate,--LRU,274303,106,196758,155,44757363
32768,256,8,--WriteThrough,--NoWriteAllocate,--LRU,274303,234,196758,3732,44751423
32768,256,16,--WriteBack,--WriteAllocate,--LRU,274303,100,196758,155,1485123
32768,256,16,--WriteBack,--NoWriteAllocate,--LRU,274303,227,196758,3732,2292743
32768,256,16,--WriteThrough,--WriteAllocate,--LRU,274303,100,196758,155,44756043
32768,256,16,--WriteThrough,--NoWriteAllocate,--LRU,274303,227,196758,3732,44749883
32768,256,32,--WriteBack,--WriteAllocate,--LRU,274303,102,196758,155,1486003
32768,256,32,--WriteBack,--NoWriteAllocate,--LRU,274303,229,196758,3731,2293843
32768,256,32,--WriteThrough,--WriteAllocate,--LRU,274303,102,196758,155,44756483
32768,256,32,--WriteThrough,--NoWriteAllocate,--LRU,274303,229,196758,3731,44750323
32768,512,1,--WriteBack,--WriteAllocate,--LRU,274303,1477,196758,422,2002123
32768,512,1,--WriteBack,--NoWriteAllocate,--LRU,274303,1517,196758,4068,2742203
32768,512,1,--WriteThrough,--WriteAllocate,--LRU,274303,1477,196758,422,45117723
32768,512,1,--WriteThrough,--NoWriteAllocate,--LRU,274303,1517,196758,4068,45033683
32768,512,2,--WriteBack,--WriteAllocate,--LRU,274303,337,196758,123,1553983
32768,512,2,--WriteBack,--NoWriteAllocate,--LRU,274303,432,196758,3360,2276683
32768,512,2,--WriteThrough,--WriteAllocate,--LRU,274303,337,196758,123,44801143
32768,512,2,--WriteThrough,--NoWriteAllocate,--LRU,274303,432,196758,3360,44794983
32768,512,4,--WriteBack,--WriteAllocate,--LRU,274303,92,196758,82,1464663
32768,512,4,--WriteBack,--NoWriteAllocate,--LRU,274303,159,196758,3242,2170863
32768,512,4,--WriteThrough,--WriteAllocate,--LRU,274303,92,196758,82,44738223
32768,512,4,--WriteThrough,--NoWriteAllocate,--LRU,274303,159,196758,3242,44734923
32768,512,8,--WriteBack,--WriteAllocate,--LRU,274303,88,196758,82,1463123
32768,512,8,--WriteBack,--NoWriteAllocate,--LRU,274303,156,196758,3242,2169323
32768,512,8,--WriteThrough,--WriteAllocate,--LRU,274303,88,196758,82,44737343
32768,512,8,--WriteThrough,--NoWriteAllocate,--LRU,274303,156,196758,3242,44734263
32768,512,16,--WriteBack,--WriteAllocate,--LRU,274303,84,196758,82,1462023
32768,512,16,--WriteBack,--NoWriteAllocate,--LRU,274303,150,196758,3242,2167343
32768,512,16,--WriteThrough,--WriteAllocate,--LRU,274303,84,196758,82,44736463
32768,512,16,--WriteThrough,--NoWriteAllocate,--LRU,274303,150,196758,3242,44732943
32768,512,32,--WriteBack,--WriteAllocate,--LRU,274303,85,196758,82,1462683
32768,512,32,--WriteBack,--NoWriteAllocate,--LRU,274303,152,196758,3242,2168663
32768,512,32,--WriteThrough,--WriteAllocate,--LRU,274303,85,196758,82,44736683
32768,512,32,--WriteThrough,--NoWriteAllocate,--LRU,274303,152,196758,3242,44733383
65536,16,1,--WriteBack,--WriteAllocate,--LRU,274303,450,196758,2267,2103103
65536,16,1,--WriteBack,--NoWriteAllocate,--LRU,274303,2001,196758,5549,3089363
65536,16,1,--WriteThrough,--WriteAllocate,--LRU,274303,450,196758,2267,45297683
65536,16,1,--WriteThrough,--NoWriteAllocate,--LRU,274303,2001,196758,5549,45140163
65536,16,2,--WriteBack,--WriteAllocate,--LRU,274303,391,196758,2261,2014003
65536,16,2,--WriteBack,--NoWriteAllocate,--LRU,274303,1972,196758,5545,3068903
65536,16,2,--WriteThrough,--WriteAllocate,--LRU,274303,391,196758,2261,45283383
65536,16,2,--WriteThrough,--NoWriteAllocate,--LRU,274303,1972,196758,5545,45133783
65536,16,4,--WriteBack,--WriteAllocate,--LRU,274303,390,196758,2261,1999703
65536,16,4,--WriteBack,--NoWriteAllocate,--LRU,274303,1972,196758,5545,3066923
65536,16,4,--WriteThrough,--WriteAllocate,--LRU,274303,390,196758,2261,45283163
65536,16,4,--WriteThrough,--NoWriteAllocate,--LRU,274303,1972,196758,5545,45133783
65536,16,8,--WriteBack,--WriteAllocate,--LRU,274303,390,196758,2261,1996403
65536,16,8,--WriteBack,--NoWriteAllocate,--LRU,274303,1972,196758,5545,3066923
65536,16,8,--WriteThrough,--WriteAllocate,--LRU,274303,390,196758,2261,45283163
65536,16,8,--WriteThrough,--NoWriteAllocate,--LRU,274303,1972,196758,5545,45133783
65536,16,16,--WriteBack,--WriteAllocate,--LRU,274303,390,196758,2261,1996403
65536,16,16,--WriteBack,--NoWriteAllocate,--LRU,274303,1972,196758,5545,3066923
65536,16,16,--WriteThrough,--WriteAllocate,--LRU,274303,390,196758,2261,45283163
65536,16,16,--WriteThrough,--NoWriteAllocate,--LRU,274303,1972,196758,5545,45133783
65536,16,32,--WriteBack,--WriteAllocate,--LRU,274303,390,196758,2261,1996403
65536,16,32,--WriteBack,--NoWriteAllocate,--LRU,274303,1972,196758,5545,3066923
65536,16,32,--WriteThrough,--WriteAllocate,--LRU,274303,390,196758,2261,45283163
65536,16,32,--WriteThrough,--NoWriteAllocate,--LRU,274303,1972,196758,5545,45133783
65536,32,1,--WriteBack,--WriteAllocate,--LRU,274303,304,196758,1158,1786303
65536,32,1,--WriteBack,--NoWriteAllocate,--LRU,274303,1132,196758,5276,2834383
65536,32,1,--WriteThrough,--WriteAllocate,--LRU,274303,304,196758,1158,45021583
65536,32,1,--WriteThrough,--NoWriteAllocate,--LRU,274303,1132,196758,5276,44948983
65536,32,2,--WriteBack,--WriteAllocate,--LRU,274303,255,196758,1152,1733723
65536,32,2,--WriteBack,--NoWriteAllocate,--LRU,274303,1101,196758,5270,2816123
65536,32,2,--WriteThrough,--WriteAllocate,--LRU,274303,255,196758,1152,45009483
65536,32,2,--WriteThrough,--NoWriteAllocate,--LRU,274303,1101,196758,5270,44942163
65536,32,4,--WriteBack,--WriteAllocate,--LRU,274303,254,196758,1152,1724483
65536,32,4,--WriteBack,--NoWriteAllocate,--LRU,274303,1101,196758,5270,2814803
65536,32,4,--WriteThrough,--WriteAllocate,--LRU,274303,254,196758,1152,45009263
65536,32,4,--WriteThrough,--NoWriteAllocate,--LRU,274303,1101,196758,5270,44942163
65536,32,8,--WriteBack,--WriteAllocate,--LRU,274303,254,196758,1152,1722503
65536,32,8,--WriteBack,--NoWriteAllocate,--LRU,274303,1101,196758,5270,2814803
65536,32,8,--WriteThrough,--WriteAllocate,--LRU,274303,254,196758,1152,45009263
65536,32,8,--WriteThrough,--NoWriteAllocate,--LRU,274303,1101,196758,5270,44942163
65536,32,16,--WriteBack,--WriteAllocate,--LRU,274303,254,196758,1152,1722503
65536,32,16,--WriteBack,--NoWriteAllocate,--LRU,274303,1101,196758,5270,2814803
65536,32,16,--WriteThrough,--WriteAllocate,--LRU,274303,254,196758,1152,45009263
65536,32,16,--WriteThrough,--NoWriteAllocate,--LRU,274303,1101,196758,5270,44942163
65536,32,32,--WriteBack,--WriteAllocate,--LRU,274303,254,196758,1152,1722503
65536,32,32,--WriteBack,--NoWriteAllocate,--LRU,274303,1101,196758,5270,2814803
65536,32,32,--WriteThrough,--WriteAllocate,--LRU,274303,254,196758,1152,45009263
65536,32,32,--WriteThrough,--NoWriteAllocate,--LRU,274303,1101,196758,5270,44942163
65536,64,1,--WriteBack,--WriteAllocate,--LRU,274303,217,196758,590,1620203
65536,64,1,--WriteBack,--NoWriteAllocate,--LRU,274303,666,196758,4810,2626483
65536,64,1,--WriteThrough,--WriteAllocate,--LRU,274303,217,196758,590,44877483
65536,64,1,--WriteThrough,--NoWriteAllocate,--LRU,274303,666,196758,4810,44846463
65536,64,2,--WriteBack,--WriteAllocate,--LRU,274303,172,196758,587,1587643
65536,64,2,--WriteBack,--NoWriteAllocate,--LRU,274303,637,196758,4807,2612183
65536,64,2,--WriteThrough,--WriteAllocate,--LRU,274303,172,196758,587,44866923
65536,64,2,--WriteThrough,--NoWriteAllocate,--LRU,274303,637,196758,4807,44840083
65536,64,4,--WriteBack,--WriteAllocate,--LRU,274303,172,196758,586,1581703
65536,64,4,--WriteBack,--NoWriteAllocate,--LRU,274303,636,196758,4802,2609543
65536,64,4,--WriteThrough,--WriteAllocate,--LRU,274303,172,196758,586,44866703
65536,64,4,--WriteThrough,--NoWriteAllocate,--LRU,274303,636,196758,4802,44839863
65536,64,8,--WriteBack,--WriteAllocate,--LRU,274303,172,196758,586,1579943
65536,64,8,--WriteBack,--NoWriteAllocate,--LRU,274303,636,196758,4802,2609543
65536,64,8,--WriteThrough,--WriteAllocate,--LRU,274303,172,196758,586,44866703
65536,64,8,--WriteThrough,--NoWriteAllocate,--LRU,274303,636,196758,4802,44839863
65536,64,16,--WriteBack,--WriteAllocate,--LRU,274303,172,196758,586,1579943
65536,64,16,--WriteBack,--NoWriteAllocate,--LRU,274303,636,196758,4802,2609543
65536,64,16,--WriteThrough,--WriteAllocate,--LRU,274303,172,196758,586,44866703
65536,64,16,--WriteThrough,--NoWriteAllocate,--LRU,274303,636,196758,4802,44839863
65536,64,32,--WriteBack,--WriteAllocate,--LRU,274303,172,196758,586,1579943
65536,64,32,--WriteBack,--NoWriteAllocate,--LRU,274303,636,196758,4802,2609543
65536,64,32,--WriteThrough,--WriteAllocate,--LRU,274303,172,196758,586,44866703
65536,64,32,--WriteThrough,--NoWriteAllocate,--LRU,274303,636,196758,4802,44839863
65536,128,1,--WriteBack,--WriteAllocate,--LRU,274303,172,196758,301,1536823
65536,128,1,--WriteBack,--NoWriteAllocate,--LRU,274303,409,196758,4275,2451583
65536,128,1,--WriteThrough,--WriteAllocate,--LRU,274303,172,196758,301,44804003
65536,128,1,--WriteThrough,--NoWriteAllocate,--LRU,274303,409,196758,4275,44789923
65536,128,2,--WriteBack,--WriteAllocate,--LRU,274303,116,196758,298,1509543
65536,128,2,--WriteBack,--NoWriteAllocate,--LRU,274303,366,196758,4268,2434203
65536,128,2,--WriteThrough,--WriteAllocate,--LRU,274303,116,196758,298,44791023
65536,128,2,--WriteThrough,--NoWriteAllocate,--LRU,274303,366,196758,4268,44780463
65536,128,4,--WriteBack,--WriteAllocate,--LRU,274303,116,196758,297,1506463
65536,128,4,--WriteBack,--NoWriteAllocate,--LRU,274303,365,196758,4262,2431563
65536,128,4,--WriteThrough,--WriteAllocate,--LRU,274303,116,196758,297,44790803
65536,128,4,--WriteThrough,--NoWriteAllocate,--LRU,274303,365,196758,4262,44780243
65536,128,8,--WriteBack,--WriteAllocate,--LRU,274303,116,196758,297,1504483
65536,128,8,--WriteBack,--NoWriteAllocate,--LRU,274303,365,196758,4262,2431123
65536,128,8,--WriteThrough,--WriteAllocate,--LRU,274303,116,196758,297,44790803
65536,128,8,--WriteThrough,--NoWriteAllocate,--LRU,274303,365,196758,4262,44780243
65536,128,16,--WriteBack,--WriteAllocate,--LRU,274303,116,196758,297,1504043
65536,128,16,--WriteBack,--NoWriteAllocate,--LRU,274303,365,196758,4262,2431123
65536,128,16,--WriteThrough,--WriteAllocate,--LRU,274303,116,196758,297,44790803
65536,128,16,--WriteThrough,--NoWriteAllocate,--LRU,274303,365,196758,4262,44780243
65536,128,32,--WriteBack,--WriteAllocate,--LRU,274303,116,196758,297,1504043
65536,128,32,--WriteBack,--NoWriteAllocate,--LRU,274303,365,196758,4262,2431123
65536,128,32,--WriteThrough,--WriteAllocate,--LRU,274303,116,196758,297,44790803
65536,128,32,--WriteThrough,--NoWriteAllocate,--LRU,274303,365,196758,4262,44780243
65536,256,1,--WriteBack,--WriteAllocate,--LRU,274303,149,196758,164,1498543
65536,256,1,--WriteBack,--NoWriteAllocate,--LRU,274303,279,196758,3746,2307703
65536,256,1,--WriteThrough,--WriteAllocate,--LRU,274303,149,196758,164,44768803
65536,256,1,--WriteThrough,--NoWriteAllocate,--LRU,274303,279,196758,3746,44761323
65536,256,2,--WriteBack,--WriteAllocate,--LRU,274303,86,196758,153,1469283
65536,256,2,--WriteBack,--NoWriteAllocate,--LRU,274303,223,196758,3729,2284163
65536,256,2,--WriteThrough,--WriteAllocate,--LRU,274303,86,196758,153,44752523
65536,256,2,--WriteThrough,--NoWriteAllocate,--LRU,274303,223,196758,3729,44749003
65536,256,4,--WriteBack,--WriteAllocate,--LRU,274303,83,196758,153,1467083
65536,256,4,--WriteBack,--NoWriteAllocate,--LRU,274303,219,196758,3729,2282183
65536,256,4,--WriteThrough,--WriteAllocate,--LRU,274303,83,196758,153,44751863
65536,256,4,--WriteThrough,--NoWriteAllocate,--LRU,274303,219,196758,3729,44748123
65536,256,8,--WriteBack,--WriteAllocate,--LRU,274303,82,196758,153,1465323
65536,256,8,--WriteBack,--NoWriteAllocate,--LRU,274303,219,196758,3729,2281963
65536,256,8,--WriteThrough,--WriteAllocate,--LRU,274303,82,196758,153,44751643
65536,256,8,--WriteThrough,--NoWriteAllocate,--LRU,274303,219,196758,3729,44748123
65536,256,16,--WriteBack,--WriteAllocate,--LRU,274303,82,196758,153,1464883
65536,256,16,--WriteBack,--NoWriteAllocate,--LRU,274303,219,196758,3729,2281743
65536,256,16,--WriteThrough,--WriteAllocate,--LRU,274303,82,196758,153,44751643
65536,256,16,--WriteThrough,--NoWriteAllocate,--LRU,274303,219,196758,3729,44748123
65536,256,32,--WriteBack,--WriteAllocate,--LRU,274303,82,196758,153,1464883
65536,256,32,--WriteBack,--NoWriteAllocate,--LRU,274303,219,196758,3729,2281743
65536,256,32,--WriteThrough,--WriteAllocate,--LRU,274303,82,196758,153,44751643
65536,256,32,--WriteThrough,--NoWriteAllocate,--LRU,274303,219,196758,3729,44748123
65536,512,1,--WriteBack,--WriteAllocate,--LRU,274303,248,196758,100,1510643
65536,512,1,--WriteBack,--NoWriteAllocate,--LRU,274303,316,196758,3292,2222123
65536,512,1,--WriteThrough,--WriteAllocate,--LRU,274303,248,196758,100,44776503
65536,512,1,--WriteThrough,--NoWriteAllocate,--LRU,274303,316,196758,3292,44769463
65536,512,2,--WriteBack,--WriteAllocate,--LRU,274303,67,196758,81,1449043
65536,512,2,--WriteBack,--NoWriteAllocate,--LRU,274303,140,196758,3241,2158983
65536,512,2,--WriteThrough,--WriteAllocate,--LRU,274303,67,196758,81,44732503
65536,512,2,--WriteThrough,--NoWriteAllocate,--LRU,274303,140,196758,3241,44730743
65536,512,4,--WriteBack,--WriteAllocate,--LRU,274303,62,196758,81,1446623
65536,512,4,--WriteBack,--NoWriteAllocate,--LRU,274303,136,196758,3241,2157003
65536,512,4,--WriteThrough,--WriteAllocate,--LRU,274303,62,196758,81,44731403
65536,512,4,--WriteThrough,--NoWriteAllocate,--LRU,274303,136,196758,3241,44729863
65536,512,8,--WriteBack,--WriteAllocate,--LRU,274303,61,196758,81,1445303
65536,512,8,--WriteBack,--NoWriteAllocate,--LRU,274303,135,196758,3241,2156343
65536,512,8,--WriteThrough,--WriteAllocate,--LRU,274303,61,196758,81,44731183
65536,512,8,--WriteThrough,--NoWriteAllocate,--LRU,274303,135,196758,3241,44729643
65536,512,16,--WriteBack,--WriteAllocate,--LRU,274303,62,196758,81,1445523
65536,512,16,--WriteBack,--NoWriteAllocate,--LRU,274303,135,196758,3241,2156563
65536,512,16,--WriteThrough,--WriteAllocate,--LRU,274303,62,196758,81,44731403
65536,512,16,--WriteThrough,--NoWriteAllocate,--LRU,274303,135,196758,3241,44729643
65536,512,32,--WriteBack,--WriteAllocate,--LRU,274303,63,196758,81,1446183
65536,512,32,--WriteBack,--NoWriteAllocate,--LRU,274303,136,196758,3241,2156563
65536,512,32,--WriteThrough,--WriteAllocate,--LRU,274303,63,196758,81,44731623
65536,512,32,--WriteThrough,--NoWriteAllocate,--LRU,274303,136,196758,3241,44729863
